sigma;ti;vi;tl;vl;ta;va;lr
4;[1];[2, 4];0.00014486347208730876;0.00014485024439636618;0.9477666491568263;0.9484562560390584;0.01
