rmbad;ti;vi;tl;vl;ta;va;lr
0.15;[1, 2, 4];[];0.022494671866297722;;-0.09545914433319536;;0.1
0.1;[1, 2, 4];[];0.018038196489214897;;0.16470655441545012;;0.1
