sigma;ti;vi;tl;vl;ta;va;lr
4;[1];[2, 4];0.012249451130628586;0.00992368720471859;0.9478362046249673;0.9524841585639118;0.01
