fraction;ti;vi;tl;vl;ta;va;lr
1;[1];[2];0.002694749739021063;0.002694659400731325;0.8686475154146234;0.8678297575801808;
