tl;vl;ta;va;lr;ti;vi;s
0.014225720427930355;0.01200387068092823;0.9228096813718111;0.9899771294406283;0.008;[1];[1];1
