sigma;ti;vi;tl;vl;ta;va;lr
4;[1];[2, 4];0.011129412800073624;0.009650705382227898;0.9774798090223551;0.7784224268501827;0.01
