tl;vl;ta;va;lr;ti;vi;f;s
0.000415165675804019;0.0004147163999732584;0.21127901559167594;0.2151098965130085;0.015625;[1];[1];1;1
