fraction;ti;vi;tl;vl;ta;va;lr
1;[1];[2];0.014185072854161263;0.01087869331240654;0.6473110639116814;0.46897215069592213;
