sigma;ti;vi;tl;vl;ta;va;lr
5.0;[1, 2, 4];[1];0.01037075836211443;0.01356724463403225;0.983058556594537;0.9361537425073934;0.001
