f;s;ti;vi;ta;va;tl;vl;lr
1;1;[2, 4];[1];0.9992528467994722;0.9988537856241079;0.00015901422011666;3.2769592507975176e-05;1.0000000000000008e-12
1;1;[1, 4];[2];0.9774669584791069;0.9989349181049589;0.0005933463107794523;4.5541703002527356e-05;1.0000000000000008e-12
1;1;[1, 2];[4];0.9990283223687944;0.9894065556271988;8.119548147078604e-05;0.00014567526523023844;1.0000000000000008e-12
