f,s,ti,vi,ta,va,tl,vl,lr
0.1,1,1,1,0.9936522841453552,-222.75148010253906,0.001584092853590846,545299.375,1.0
