f,s,ti,vi,ta,va,tl,vl,lr
0.1,1,1,1,0.9995803652566058,-123622.54249798968,0.0008612913079559803,23055753216.0,1.0
