f,s,ti,vi,ta,va,tl,vl,lr
0.1,1,1,1,0.9944949150085449,-2085.94140625,0.0007326027262024581,33006206.0,1.0
