f,s,ti,vi,ta,va,tl,vl,lr
0.1,1,1,1,0.9972595448348309,-9414.361692488503,0.003061851253733039,383944160.0,1.0
