f,s,ti,vi,ta,va,tl,vl,lr
0.1,1,1,1,0.9980331571004949,0.36097431140460967,0.0030752213206142187,7.128824234008789,1.0
