f,s,ti,vi,ta,va,tl,vl,lr
0.1,1,1,1,0.9863805770874023,-1624.2705078125,0.0016738733975216746,14847734.0,1.0
