f,s,ti,vi,ta,va,tl,vl,lr
0.1,1,1,1,0.9984006562593807,-145495.04987459662,0.0013516934122890234,60957741056.0,1.0
