f,s,ti,vi,ta,va,tl,vl,lr
0.1,1,1,1,0.9809618592262268,-2701.66259765625,0.004032192286103964,34461520.0,1.0
