f,s,ti,vi,ta,va,tl,vl,lr
0.1,1,1,1,0.9974490671740284,0.3967746917639001,0.0019185240380465984,19.796276092529297,1.0
