f,s,ti,vi,ta,va,tl,vl,lr
0.1,1,1,1,0.9940857291221619,-336500.40625,0.0006799416150897741,5740924928.0,1.0
