f,s,ti,vi,ta,va,tl,vl,lr
0.1,1,1,1,0.9909983936246732,-2.1150111058051473,0.0033609909005463123,56.9857177734375,1.0
