f,s,ti,vi,ta,va,tl,vl,lr
0.1,1,1,1,0.9957710883056439,-2836.594859800245,0.005657609086483717,526120416.0,1.0
