f,s,ti,vi,ta,va,tl,vl,lr
0.1,1,1,1,0.920553335593858,-274.6889984967774,0.045831773430109024,425918.03125,1.0
