rmbad;ti;vi;tl;vl;ta;va;lr
0.15;[1, 2, 4];[1];0.05519583821296692;0.03288561850786209;-2.1636817888426867;0.03920273856737477;0.1
0.1;[1, 2, 4];[1];0.023955419659614563;0.02588694915175438;-1.0130839023271117;5.15694351854723e-06;0.1
