sigma;ti;vi;tl;vl;ta;va;lr
4;[1];[2, 4];0.0001271431683562696;0.012019829358905554;0.9557562693457932;0.903439823219701;0.01
