tl;vl;ta;va;lr;ti;vi;s
0.0007595281931571662;0.0007594385533593595;0.7110492963638331;0.7117517422983959;0.008099999999999998;[1];[1];1
