tl;vl;ta;va;lr;ti;vi;f;s
0.0001713199308142066;0.00017137992836069316;0.7599203971572566;0.759218940071151;0.008099999999999998;[1];[1];1;1
