sigma;ti;vi;tl;vl;ta;va;lr
1;[1];[2, 4];0.0015883655287325382;0.001060031063389033;0.4131785980299997;0.07815618738233848;0.01
2;[1];[2, 4];0.00496069248765707;0.0036510865902528167;0.7703745921731668;0.6582157660420451;0.01
3;[1];[2, 4];0.008877163752913475;0.006926282308995724;0.9134863481862553;0.8416274767006576;0.01
4;[1];[2, 4];0.012754257768392563;0.009724051225930452;1.0154506398710557;0.7670839974485811;0.01
5;[1];[2, 4];0.01067385170608759;0.00967612536624074;0.958460815783843;0.8141350860992762;0.01
6;[1];[2, 4];0.009975405409932137;0.009264352731406689;0.9852496256397975;0.7768112841163888;0.01
7;[1];[2, 4];0.009055095724761486;0.009067913517355919;0.9975084169692505;0.7700249964798017;0.01
8;[1];[2, 4];0.009224364534020424;0.009412139188498259;1.0375889024777503;0.755158250052739;0.01
9;[1];[2, 4];0.00908733531832695;0.009896916337311268;1.0056190432153413;0.6926113661984459;0.01
