fraction;ti;vi;tl;vl;ta;va;lr
1;[1];[2];0.010958826169371605;0.010004880838096142;0.9811036309838425;0.9690210475225537;
