fraction;ti;vi;tl;vl;ta;va;lr
1;[1];[2];0.0002450824831612408;0.0002450767788104713;0.9550553372618356;0.9550215533985154;
