rmbad;ti;vi;tl;vl;ta;va;lr
0.15;['data/1.jpg' 'data/2.jpg' 'data/4.jpg'];['data/1.jpg' 'data/2.jpg' 'data/4.jpg'];0.010553840547800064;0.009375207126140594;0.9767672888390615;0.9612178472505764;0.01
0.1;['data/1.jpg' 'data/2.jpg' 'data/4.jpg'];['data/1.jpg' 'data/2.jpg' 'data/4.jpg'];0.009049078449606895;0.007638457231223583;0.9594720175895355;0.9967608015014044;0.01
