rmbad;ti;vi;tl;vl;ta;va;lr
0.15;[1, 2, 4];[];0.04292452335357666;;-1.1309531812309301;;0.1
0.1;[1, 2, 4];[];0.018776897341012955;;-0.6601597619830735;;0.1
