brightness augmentation;ti;vi;tl;vl;ta;va;lr
True;['data/2.jpg' 'data/4.jpg'];['data/1.jpg'];0.0090170344337821;0.01475671585649252;0.956795221635801;0.8177852072705756;0.01
True;['data/1.jpg' 'data/4.jpg'];['data/2.jpg'];0.013414459303021431;0.009620806202292442;0.9551261002025255;0.8383500839090972;0.01
True;['data/1.jpg' 'data/2.jpg'];['data/4.jpg'];0.010650858283042908;0.00906398892402649;0.9461596455155055;0.7456091919145161;0.01
